year,province,n,w_sum,mean_nw,median_nw,mean_inc,mean_STK,mean_BND,mean_LIQ,mean_BUS,mean_HOUS,mean_DBT,debt_asset,mean_IG,mean_IT,mean_NIG,nig_over_inc
1999,AB,1981,1157221,211284.28504754062,88050,42414.26584982471,27223.23746232896,11934.8538921744,31723.133958552655,49864.92111619129,110700.33368907063,38792.932803673626,0.15512381790313198,26163.555377702152,706.0909619801994,25457.464415721955,0.600209950724095
1999,BC,2378,1685566,224999.1415186353,85100,39034.024534192074,29672.70050580029,13005.340423814449,30043.973879654073,28211.282400689146,151642.2115734418,48696.28518847675,0.1779214427305276,21050.92055942298,649.8184368177692,20401.10212260521,0.5226492109399262
1999,MB,1246,446062,152376.45201563908,74500,37252.92602373661,19660.52325768567,13209.357859776424,31326.228737221787,23266.831749846435,68659.33572238836,21233.648192403747,0.1223065257548884,16256.153093900686,620.1676215689135,15635.985472331771,0.4197250294478593
1999,NB,800,300211,120438.42389519371,60850,33567.91675854649,10228.544031420708,5546.876585397943,20769.44345545052,21539.111581520996,65541.2972875744,18978.237935985024,0.13612603893045433,10887.460534641632,558.8214757655957,10328.639058876037,0.3076937759697684
1999,NL,724,198588,87738.17106773824,49325,32945.643724696354,11851.601044876443,4611.3012091304945,14179.897179997133,6412.079466030173,55729.13763671521,18811.714252623522,0.17655311590493653,6769.743846584273,548.4621931921029,6221.2816533921705,0.1888347274492209
1999,NS,989,376204,120707.65576921032,64450,34045.21435710412,18164.942726374673,7433.427166259191,20429.156425533936,12018.235558367269,66189.80327162922,22515.179649870814,0.1572038396250825,11040.385574629137,566.7672815873836,10473.618293041754,0.3076384887221676
1999,ON,3753,4480407,210715.64435864866,95000,43970.230044725846,28506.250638324513,13388.801733582375,37862.33474091568,20853.18720241264,130443.43629585438,39869.13984622379,0.1591043924423906,18391.941410012143,731.9938565174871,17659.947553494654,0.40163418602839296
1999,PE,339,54222,163333.72256648593,74700,34845.84729445612,17046.555234274503,9946.7690499857,22748.154174667907,42063.87720851315,73396.56596953266,21142.061617055806,0.11460616205333915,20177.636951879744,580.0958084309111,19597.541143448834,0.5624067906239935
1999,QC,2637,3115443,147493.0043438445,56450,34607.36095284041,18109.36080903904,8118.999600189444,27319.64135263973,26934.552974007227,76385.31502582457,24930.206359737604,0.14458729922734048,15514.333295547021,576.1256100319385,14938.207685515084,0.43164827580674064
1999,SK,1086,401694,188378.86510378547,89530,34915.84009469895,20220.605845130627,13478.336700932266,33777.467442634974,51310.097686298526,73114.34700045308,21849.078226211994,0.10393041895441664,24672.89746511908,581.2610127003928,24091.636452418687,0.6899916022950388
2012,AB,1536,1584341.5059,499591.11221067555,204350,76968.28207660699,70577.39928556807,25234.59598592407,69169.22755770308,81301.8095615318,344520.51984629856,116522.04211418325,0.18912441861733814,89288.18731127842,1188.6461783937275,88099.54113288471,1.1446213785205535
2012,BC,2041,1984441.3655,551489.1762209629,247500,60457.8036430903,63234.44187903123,29312.39019949918,70272.50942067282,48556.8234838664,432246.35315594316,116656.94085470236,0.1745979477741863,71268.15762088678,933.6694975589041,70334.48812332787,1.163364923716781
2012,MB,740,499484.2083,325199.4345931721,156725,56591.475389768595,37608.010003966454,18824.134680882704,55977.751003966354,50119.07164981155,200612.19682155867,61550.244223326736,0.1591474992601881,53361.66598998937,873.9605346103428,52487.70545537903,0.9274843091450572
2012,NB,627,330201.771,216107.37307363353,98500,53600.95917638188,23702.435580597503,15261.410711165647,40015.41719915283,30409.81106347064,132669.34064878925,46605.53681809447,0.17740101480853013,34788.6020352763,827.7770214467176,33960.825013829584,0.6335861435254632
2012,NL,482,224307.9939,223561.5558653993,115350,57969.75977073058,19402.14944619682,10277.409219612282,37647.54961678563,17298.46572781952,177029.1948436551,59455.46131186723,0.2100773370621299,23825.798860044062,895.2458279541597,22930.5530320899,0.39556060129936454
2012,NS,593,419014.1123,241066.45820914587,113050,53340.0834922249,29615.399591855978,19049.765904481115,35917.325497220314,25428.964938156572,169955.11316381025,61473.23371926297,0.20319064030054482,37441.73340814237,823.7482335272938,36617.985174615074,0.6865003347801787
2012,ON,2929,5445438.0282,432880.4322304546,180999,66828.15337860033,54962.959427439695,25239.887061165104,64648.717732360885,50842.517463381795,310327.2757815333,91515.55324456439,0.1745161209837751,65937.59524280271,1032.04887753011,64905.5463652726,0.97123058297847
2012,PE,272,61074.3166,194991.22909741735,111450,53133.74024614137,22214.588149999414,9608.85504485898,34584.201259095265,33488.155307886,132331.2978212678,53723.26388693476,0.21600375290681095,32951.37001164949,820.5616077604561,32130.80840388903,0.6047157278039053
2012,QC,2153,3577934.2128,332850.83024052123,120250,54960.02450624489,46838.908098092215,15851.372332913317,57985.330488190375,52190.73440084116,201080.00609450307,63056.44968056049,0.15927075069983523,57518.82235664387,848.7655087423183,56670.05684790154,1.0311141117024494
2012,SK,630,443641.304,438477.87531848974,192250,63697.134386443424,45267.23231052253,26224.364169171917,67069.11064970125,107339.65288251181,237375.0287225623,70339.38349804304,0.13824095444727383,89466.12856684164,983.6955343204842,88482.43303252115,1.389111674878623
2016,AB,1905,1723025.4295,575412.0323086807,201936,91551.25737421538,105392.30677731456,33111.16748066405,86442.85525339055,83216.7199495363,384585.78034769866,149160.67680067717,0.20586019170391462,111842.1605480599,1433.550160529005,110408.6103875309,1.2059759041455453
2016,BC,1733,2076982.0001,729279.0004499591,313500,66599.7170188644,70904.07612220883,36104.13812268168,95038.46555380114,60952.82728210048,578579.4659865967,135894.96574830692,0.15707241671343217,84620.26994982379,1042.8478839272482,83577.42206589655,1.2549215793548074
2016,MB,720,512722.8305,398247.28691178304,196175,67115.86682619451,44408.67919017357,21050.66237549249,76257.78067747559,62866.10555746045,257690.81030816317,89409.06928975927,0.18334441487892264,64368.6522668812,1050.929986351365,63317.722280529844,0.9434091411573291
2016,NB,468,337067.0008,207365.73599639605,84950,57291.51323607559,21287.741540171148,13442.856648237053,43695.59486509762,14889.063781920358,147779.4677741708,53639.614284830044,0.20551155072888294,24965.538848107033,897.0959040007359,24068.442944106297,0.42010485645456414
2016,NL,415,232545.9994,268478.2922750371,140500,67044.55584256118,20050.569884966557,13600.324520577591,46318.371282658445,29065.693782619426,196509.8785136744,69487.28312561545,0.2056046182906038,31721.083183433035,1049.8133673669072,30671.269816066128,0.45747591926912895
2016,NS,560,433211.0005,290474.50973770826,123001,57541.08368642984,39422.81602160906,24349.76237185576,60126.15912038347,25503.729038987778,176126.17344618306,55098.599603375726,0.15944122419835877,44559.429961256814,901.0037887139545,43658.426172542866,0.7587348616939417
2016,ON,3239,5733299.002,567748.5026562315,251350,72650.62561781293,75652.07583998013,29477.18149429679,80591.0277453913,59887.401688373044,420653.91128137184,119123.22790107963,0.17342863682048165,83111.68377759069,1137.595692337054,81974.08808525362,1.1283328586389312
2016,PE,326,63617.9996,326205.6706143429,107126,58408.17130679632,26674.1710313909,16292.610216691397,45863.091037982165,76405.73220789546,177773.58633805581,54973.5840071353,0.1442197688899036,59828.91286437643,914.5810309389112,58914.331833437514,1.0086659197731516
2016,QC,2276,3770568.0015,342461.1441881334,123510,58700.71765678843,38421.76861298768,18381.813590552436,63391.6269233644,55587.52627915352,219489.00550095612,75347.90567934541,0.18034053044864473,56382.77095274496,919.1618513341915,55463.60910141078,0.9448540207923115
2016,SK,787,466348.999,488229.25678219844,176750,73557.4469608704,49334.08414645379,27490.510810084226,86973.45503746528,131370.5607545923,259350.10646758135,87128.65340064984,0.1514338325042936,104100.0080203148,1151.7951028006103,102948.21291751419,1.3995620725156286
2019,AB,1626,1724947.999,638003.8884097667,241000,89323.12550011543,108497.7954330144,43326.08145529324,100793.53771724446,109472.04033144162,390466.80421635165,148665.53009571737,0.18898094497959814,74309.76518867868,402.72725658292114,73907.03793209576,0.8274121345205308
2019,BC,1293,2245418.0018,734727.7416358462,322150,72711.13673780893,63395.43676545502,32222.041549644964,103039.8873674443,69542.21497501801,575285.3245497869,142674.59479883287,0.16261022893851698,47011.9233032288,327.82951175847063,46684.09379147033,0.6420487408938438
2019,MB,530,529272.9991,441227.557528159,191050,70264.90147893131,62259.07091011465,24516.346300068348,81367.21222295806,67624.31374121745,270952.04786439013,90225.77051819419,0.16977176688283854,43822.03403718476,316.8002781837574,43505.233759001,0.6191602470551516
2019,NB,405,350492.9996,209306.44560899812,107530,61179.857459191604,21493.546338572898,11665.393778748521,52154.788683278,12814.607445583344,145049.935514461,55047.42653229585,0.20823385746690956,13049.451761502474,275.8389388495207,12773.612822652954,0.20878788139010054
2019,NL,380,234649.9992,288664.4844625659,155050,68263.19988085686,27521.67302749919,15451.720605478313,49432.454840181155,35927.105225087085,208481.36201775025,72158.92322049708,0.19998404117916715,22475.74992955859,307.7752940200636,22167.97463553853,0.3247426823563705
2019,NS,501,443403.0013,336011.4265488047,147750,62665.75091599972,43847.18449911004,21491.60660630336,72106.37761127386,40999.68022519901,198206.40135200747,64077.520655926375,0.1601581875820654,30117.486162048845,282.53832147954375,29834.947840569297,0.4760965504197267
2019,ON,2698,6001566.0013,680271.1545274078,308000,77969.89333345524,80865.69265946187,36034.51263926937,95104.22313433612,67586.8546909476,500135.1628622124,123295.18204557431,0.15343497659620572,52440.85883449789,351.5394368752227,52089.31939762267,0.6680696506131071
2019,PE,336,69667.9998,338776.3180443426,117520,61259.84640824294,23338.965791178918,13824.279022907398,56069.69050243039,78290.59382052188,204026.60842661365,58983.33031407053,0.14828887384001768,32751.605550756925,276.1995815143181,32475.405969242605,0.5301254879553993
2019,QC,2003,3849340.9978,374606.1507302125,135700,65856.75879904635,49569.36505404345,23336.41386283984,72994.70629366601,61096.267081647944,221938.14944593344,74019.01979805747,0.16499078665358385,38002.677710859796,296.92547870538647,37705.75223215442,0.5725418760314154
2019,SK,650,465609.0005,598799.8598457301,237000,76124.92085092328,50015.30240578502,30362.556979348927,100601.5189160411,203287.37088785938,290421.67379910324,103874.1332910026,0.1478269215960435,80451.79766792411,343.2210903977462,80108.57657752637,1.0523305073039662
2023,AB,1324,1818740.0012,782226.3202380104,335250,100539.26831689129,131321.01965906215,48545.64346030752,116771.80049601672,127868.4672047095,441657.7504857597,151178.05249101456,0.1619641571305375,155152.61445246908,3755.0708932116286,151397.54355925744,1.505854837555264
2023,BC,2634,2417700.0005,1099500.7494527996,620825,86790.86353383157,127513.00904120173,43003.48549424428,127742.03685409787,66653.61950908722,825076.237043325,170634.77502781284,0.1343437544569028,120187.07059708795,3241.5776532743976,116945.49294381354,1.3474401357722121
2023,MB,1181,566784.0022,550228.6954070923,247200,139096.3142748991,69929.72025742386,32057.018956098134,118806.52060932644,82029.68649507077,295254.30274800106,101159.63604344123,0.155298508062273,91349.11413895307,5195.149416050982,86153.96472290208,0.61938351977202
2023,NB,680,376429.0011,341523.6868045792,189500,70609.09203919597,30423.79766521133,12880.073299577653,84577.58810295127,27799.031342853672,210723.7226348897,68702.58127587316,0.16747484649715172,34958.53082464203,2637.199879720429,32321.3309449216,0.4577502699932699
2023,NL,556,242206.9991,461014.45874229696,195825,79384.06349348143,63719.30185706884,36809.954249262,91264.45049423537,50676.5955579543,257640.31316813215,83605.54971749576,0.1535117116867146,75316.8712799045,2964.938886064624,72351.93239383989,0.9114163373582032
2023,NS,997,474640.9975,454278.80388089205,240150,71738.99838597486,61084.71792917515,25247.4359121627,86109.34120024143,21206.929934983124,284001.7833795257,78459.71991477201,0.14727622728643858,53483.833918388715,2679.4010863322715,50804.432832056445,0.7081843066544519
2023,ON,4137,6383578.0019,995743.9208502265,531050,90548.47339744975,124031.34895673474,49065.73561868628,122036.92960110358,116142.49948623424,688740.2584627714,170735.1466090804,0.14636794724568564,146438.63615312203,3381.921736368813,143056.71441675324,1.579890958391159
2023,PE,407,77403.0003,523858.22346195276,278850,867019.8569665819,51008.56755226057,19994.829052742367,95313.51863954734,50597.77451416828,344271.0510482886,88601.53443309097,0.14466507111847582,60549.89767462985,32382.5812862489,28167.316388380947,0.03248751013261582
2023,QC,3037,3998236.9996,582054.2771817844,266000,80552.46885763675,87769.99962902235,34488.340540627505,98153.5796658951,77488.80689734088,333534.5983511805,89107.00488732629,0.13276541312487508,99535.69033419463,3008.578003872634,96527.112330322,1.1983135178751356
2023,SK,1288,495203.0018,641160.3859305634,241750,231611.19628951003,85673.62724992944,38222.96005552177,117997.7736587991,160065.31759407744,288948.35014558263,97712.48157202305,0.13224532374871786,141223.3110709226,8650.515129942973,132572.79594097962,0.5723937273536029
