year,wealth_detail,n,mean_nw,mean_inc,mean_IG,mean_IT,mean_NIG,nig_over_inc,mean_ig_stk,mean_ig_bus,mean_ig_bnd,mean_ig_liq,mean_ig_dbt,debt_asset
1999,P0-20,2730,-2310.9758001950772,19165.931926214173,319.74633498994586,319.06461281077463,0.681722179171244,3.556947722634972e-5,143.8799097713648,-49.8644835229661,80.14670152847745,-11.70905176362823,157.29325897669793,1.3237797848254018
1999,P20-40,3026,21888.33783109019,30808.18059543086,1983.3622554820888,512.8788023942042,1470.4834530878848,0.04773029191168696,930.700085185305,117.09863250003713,554.8333687860937,-57.64341457943346,438.3735835900865,0.5460833912725762
1999,P40-60,3230,77385.02517170805,40296.96176976244,5525.244661685495,670.8431687025999,4854.401492982895,0.12046569467739585,2743.6420456262877,505.9322513600724,1556.830285727543,-129.672447997852,848.5125269694441,0.39709891326091096
1999,P60-80,3100,179131.00607950997,46003.83921259378,13564.669212854618,765.8483397877087,12798.820873066908,0.27821201647803273,7077.983219072944,2134.270362755262,3916.0195532136313,-276.260035987287,712.6561138000679,0.19288410923141536
1999,P80-90,1503,333149.27378033905,53651.26897309549,31501.22115263866,893.1588313894623,30608.0623212492,0.5705002492410427,15848.88679297751,6848.565717188869,8658.032857225493,-496.24416579746503,641.9799510442518,0.10374463872062233
1999,P90-95,881,540546.8914281598,58803.67360018597,61644.04851157344,978.9334231868255,60665.11508838662,1.0316551904708682,30820.81158613156,14196.264590861638,16978.27420665373,-1012.9776168457726,661.6757447722911,0.06849345196037991
1999,P95-99,1005,999810.5247891439,72068.77558407438,146325.50992648595,1199.7640430950544,145125.7458833909,2.0137118288361835,70505.82606621347,45003.34746359767,31575.39820486263,-1570.4129240610248,811.3511158731977,0.04648062482055874
1999,P99-100,458,3124985.440223224,99352.06611686232,672797.7854209659,1653.962282114229,671143.8231388516,6.755207509720254,210337.94584624583,415717.10493495635,47036.143161133194,-1507.2556138902937,1213.8470925207414,0.022800815567944117
2005,P0-20,859,-4847.4782861181575,22867.829859317593,1084.2362749987724,446.8426524234488,637.3936225753237,0.0278729388182681,251.73332893967773,346.26536598275004,158.57798066672106,-16.57670963107856,344.23630904070217,1.379619109250706
2005,P20-40,964,25710.494426166337,35553.527615228486,3909.8095365162912,694.7241028263062,3215.0854336899847,0.09042943553969258,1951.430737435319,286.7148802806605,1175.7187594638451,-89.50673983069409,585.4518991671606,0.538177885138174
2005,P40-60,1021,105856.01242653315,48005.91511707812,11288.129421658397,938.0466172302654,10350.082804428132,0.21560015633877763,5534.067796754791,1318.4100600246973,3273.9882787074926,-218.04872893668627,1379.7120151081028,0.40012960004343345
2005,P60-80,951,249459.60404286857,57885.30567939801,28938.931597598406,1131.092179942264,27807.83941765614,0.48039548364263446,14356.904486547914,5516.095985433205,8003.503875258233,-408.3855598870232,1470.8128102460782,0.23179523460780924
2005,P80-90,509,472529.60517961066,68704.55414905124,65230.56275631977,1342.502782222845,63888.05997409693,0.929895561733722,35191.56403864611,11001.1430303623,18574.713474009786,-767.9187262455754,1231.060939547152,0.11764278589174983
2005,P90-95,323,763973.90347724594,80753.13060667407,138419.55457368834,1577.9347359924873,136841.61983769585,1.6945673661150444,71532.70480282942,29843.448642662635,37585.90827307928,-1417.9772398494592,875.4700949664408,0.05539654181638151
2005,P95-99,436,1554582.327972572,95785.8665239608,357019.69722312904,1871.6778516176314,355148.0193715114,3.7077288357846747,155172.2189285154,128925.10314852434,73761.69245997017,-2865.8159908980124,2026.4986770171456,0.06253970280658445
2005,P99-100,204,5518573.113531598,165437.4175625467,1706811.6505492383,3232.6851707624182,1703578.9653784756,10.297422375650937,342803.12169250427,1218697.180332085,143952.7220716288,-2754.0577448598924,4112.684197879887,0.036737821644644765
2012,P0-20,1645,-7260.477274596294,29353.44278532133,1032.6696870777955,453.3147505454786,579.354936532317,0.01973720564124195,445.3155646218575,39.92976672688106,225.44654406338347,-19.11632333640329,341.09413500207677,1.4897007346819646
2012,P20-40,2133,35997.32940482843,43596.605077537184,5876.990159427645,673.2765318157609,5203.7136276118845,0.11936052402146922,2984.541630599362,376.49338979966757,1663.1978452467563,-91.43961085373125,944.1969046355911,0.6294161992671946
2012,P40-60,2528,165635.93482261582,60688.99786580167,18999.9236640936,937.2399050290755,18062.683759064523,0.29762698996950926,10378.88620228723,1525.3827954120898,5492.663060840805,-221.40220511858382,1824.3938106720555,0.4163036392892686
2012,P60-80,2581,392945.5017597166,72373.44372871821,47802.018715861275,1117.6865974442792,46684.33211841699,0.6450478202116058,27876.304755538255,4830.5103318261645,13960.697966495723,-458.1874390282627,1592.6931010293904,0.20789412123580336
2012,P80-90,1376,751660.9293100281,88623.75091673144,110084.66681735867,1368.6453692345976,108716.02144812407,1.2267142873502477,62760.437452760445,14738.756948262688,31912.86002610647,-992.0755595895951,1664.6879498186604,0.1254207070169643
2012,P90-95,773,1209500.9226756785,102082.928131203,221513.1438960994,1576.499814321243,219936.64408177818,2.1544899632885004,118062.09962117317,48150.09895024186,55071.38936883701,-1474.2284719555134,1703.7844278028738,0.08359055205427313
2012,P95-99,733,2348433.0104973475,133280.73366941864,604503.8383310589,2058.2976578844086,602445.5406731743,4.520124732862315,215545.62487378734,290213.35995713837,98633.38998913397,-2432.6956519173177,2544.159162916461,0.06555122257647314
2012,P99-100,234,6714086.1180404825,234488.36562107448,2050784.2715011267,3621.2799890202296,2047162.9915121065,8.730339290352063,798070.8832532382,1029217.5692119623,223852.47119007754,-4560.872148973213,4204.219994821796,0.038966918084395834
2016,P0-20,1910,-5743.009029273892,31790.338365802167,984.5489433886117,497.7872065840391,486.76173680457265,0.015311624909541606,416.9485968169903,10.842150365994739,245.27557274881335,-26.50385513402463,337.98647859083803,1.3625196220251319
2016,P20-40,2178,42351.871170367056,50606.81179250184,7166.616128887963,792.4238863532474,6374.192242534716,0.12595522256312436,3679.3217031336785,616.0812145013443,1978.2746777681261,-117.27460269889967,1010.2131361837137,0.6036970939299527
2016,P40-60,2512,194379.8638962498,67736.91471760768,23361.35771651968,1060.6546294635011,22300.703087056183,0.3292252559778795,12729.521228588828,2054.974554088714,6715.611386619337,-269.3672737919014,2130.6178210147054,0.4117689786679042
2016,P60-80,2576,473488.07158898574,79908.94814438962,61112.09689951924,1251.2497231125599,59860.84717640668,0.7491131915319734,34797.11184318569,6676.972188644515,18020.836432134245,-545.9171172657581,2163.0935528205464,0.22585914020243916
2016,P80-90,1479,910196.1864155531,95683.0716165265,145545.91115402116,1498.2479390218798,144047.66321499925,1.5054665447228301,81083.19556436106,22516.407733950695,40833.24107028839,-1065.21364905987,2178.2804344808806,0.1325751317821854
2016,P90-95,808,1496705.6518727131,109286.88275630049,273928.501556245,1711.262442618657,272217.23911362636,2.4908500658825203,145898.1686098213,56680.7201707993,70436.77661173428,-1656.3120186571862,2569.1481825473516,0.09879352436801705
2016,P95-99,739,2752161.3377754316,144289.8509605068,589696.6699568902,2259.3544309463227,587437.3155259439,4.0712310090799795,261968.53774659912,204026.36691814434,122703.46345464396,-2690.5260315205305,3688.8278690233415,0.07884909339727389
2016,P99-100,227,8934144.688146554,266418.0543031684,2810969.791294998,4171.691962165204,2806798.0993328327,10.535314908271413,992551.0499528232,1571126.1415075671,246795.20903324068,-6104.018666726835,6601.409468093912,0.045061982381197005
2019,P0-20,1662,-7327.268988996271,39624.300291546126,574.3973824414464,178.65234407199054,395.74503836945587,0.009987432849480206,456.52228078951964,-270.14290635196505,258.848651760212,-9.44813770800903,138.61749395168889,1.3128974364345098
2019,P20-40,1771,57258.347440982325,56816.66161943369,5637.481653483783,256.1667892170333,5381.314864266748,0.09471367572265302,3289.1150935334053,311.2692301573159,1772.0170447796538,-44.62318005709554,309.70346507050266,0.5453854078016743
2019,P40-60,2039,225549.41529232715,72039.86970867797,15647.301614034608,324.8029995583783,15322.498614476232,0.2126947019260152,8853.176835602093,1379.8878273296052,4863.132906552094,-79.29495214792567,630.3989966987423,0.3826806947981277
2019,P60-80,2110,533036.1256198167,85893.19188776953,39461.85519638212,387.2628654050752,39074.592330977044,0.4549207157423258,22052.005691371087,5382.833883339135,11536.267193364522,-156.3771463620105,647.1255746693881,0.21214434673479435
2019,P80-90,1238,1020898.546846877,98200.71381318796,88338.83676985359,442.7532494753405,87896.08352037823,0.8950656274005021,50464.97062231252,12535.08438094795,24967.285781680497,-304.8060541808131,676.3020390934421,0.12810734167598828
2019,P90-95,727,1688382.8479137565,109850.01717940287,164236.22868622618,495.27595240932874,163740.95273381684,1.4905865009233576,91566.12749741692,26655.600972094406,45810.515380078,-579.0737341887366,783.058570825568,0.09327237798388527
2019,P95-99,680,3103085.531880467,142571.4599550571,431664.45415140194,642.8056856860405,431021.6484657159,3.0231972696470044,178394.12688966613,173818.67983699343,79291.27031578482,-729.7067798606795,890.0838888182328,0.05981413137896866
2019,P99-100,195,9974948.439431952,232447.46528585025,1799285.711910755,1048.0256873020337,1798237.6862234527,7.7361036568503145,597571.9009535483,965426.1896243249,236143.71644700866,-1153.845640752811,1297.7505266257806,0.0280465161629907
2023,P0-20,1989,-2381.1313985619395,71880.83272658159,3748.731505547488,2684.698499104278,1064.0330064432094,0.01480273622441952,1560.0600346006493,102.87535843575206,854.0703156703754,-159.2184925203612,1390.9442893610724,1.0683048003432223
2023,P20-40,2541,116637.85944125669,88186.63158070487,20154.64923279657,3293.7086072213565,16860.940625575215,0.1911961067494086,10187.94128197051,1770.9960141975846,5365.7913294735745,-606.3848223371691,3436.305429492071,0.44096765415168
2023,P40-60,3113,389029.7878985281,83942.82898146665,48533.17221324099,3135.205567725315,45397.96664551568,0.540820069997151,25940.196890895342,4613.439247843212,13320.753995497776,-1051.5144308315591,5710.296509836219,0.2821252985820291
2023,P60-80,3583,840494.3850525786,95275.82037820322,108902.38136034553,3558.4848181050747,105343.89654224046,1.1056729411940132,62552.73274464168,11493.998673329803,30801.21645517118,-1981.2058627475938,6035.6393499504475,0.16126210043992315
2023,P80-90,2222,1569030.5272812878,116618.51056062288,261159.08439342622,4355.61927142368,256803.46512200253,2.202081503935055,137142.4177041928,55542.45400440419,65164.70045079991,-3835.6301518300993,7145.142385859377,0.10867578353465704
2023,P90-95,1276,2529582.059177363,153000.36693241991,528090.6006720766,5714.455994525119,522376.1446775514,3.4142149796822667,215033.8498896064,209458.30533579263,99297.61036317672,-5364.90463163904,9665.739715139794,0.09281143172348758
2023,P95-99,1142,4235166.162881709,183032.73977199916,976517.8772557528,6836.143977657545,969681.7332780951,5.29785946757947,403798.64580655633,406989.39139744034,161682.418060514,-7972.949148689766,12020.371139931676,0.07062462634753951
2023,P99-100,375,10333228.946461525,244729.23669641512,3070634.019480034,9140.464704199696,3061493.5547758345,12.509717253658563,1402525.358488621,1183966.1598141675,480223.29044937284,-13192.388615891561,17111.59934376449,0.042455231997806105
