year,wealth_q,n,w_sum,mean_nw,mean_STK,mean_BND,mean_LIQ,mean_BUS,mean_HOUS,mean_DBT,mean_INC,mean_sh_stk_reg,mean_sh_liq_reg,debt_asset
1999,Q1,2730,2445185,-2310.9758001950772,217.24928194597445,167.40874328363182,1084.4024499491634,-170.4334727229228,3346.650729903872,9448.468344521989,19165.931926214173,0.17766527245495575,0.7065094478690261,1.3237797848254018
1999,Q2,3026,2441291,21888.33783109019,1243.8497277531005,1180.3733998967411,6115.820396862394,400.23530132212835,29658.509168714423,26332.71733685169,30808.18059543086,0.14087632356070606,0.737870492776282,0.5460833912725762
1999,Q3,3230,2443537,77385.02517170805,3873.731977554757,3195.5593092262925,15418.746196179101,1729.2426286158138,88150.94608389396,50969.40455781926,40296.96176976244,0.14790016222192148,0.724587670991277,0.39709891326091096
1999,Q4,3100,2443618,179131.00607950997,11074.977659552364,8660.318053807972,34436.16961509935,7294.793487361772,138620.9076254963,42808.628771354604,46003.83921259378,0.16379167036273043,0.6981599754028474,0.19288410923141536
1999,Q5,3847,2441987,656937.6188632454,104683.2294469746,43397.196071048595,101641.75726550515,125111.30495289287,282973.03004315746,42599.26766932011,60893.036534183026,0.2659547016444414,0.5673639375810499,0.060896385150573454
2005,Q1,859,2669889.8645,-4847.4782861181575,278.34658841526476,279.90340050462504,1144.7176899560639,721.230020240185,7616.659814789149,17616.799345024105,22867.829859317593,0.19935614544186028,0.6785967581601036,1.379619109250706
2005,Q2,964,2672631.4321,25710.494426166337,1567.0201970094552,1376.9789465695171,8150.1243969154775,597.1933644622275,33787.283856473136,29961.36189855458,35553.527615228486,0.1341609188499618,0.7536031091379932,0.538177885138174
2005,Q3,1021,2669746.3941,105856.01242653315,5082.423655597018,4650.533680937223,19772.151589992765,2746.0930479655476,125282.5502798943,70608.79136141442,48005.91511707812,0.16101726653997203,0.7030128860107792,0.40012960004343345
2005,Q4,951,2666310.6127,249459.60404286857,15343.2955664283,10260.67571001059,41869.86029914343,11489.378985188441,219034.35881516623,75271.00852435785,57885.30567939801,0.19809282611221118,0.6607759763433846,0.23179523460780924
2005,Q5,1472,2669078.4285,1009870.2437734894,129968.56340945305,61128.885475781826,141051.1794765554,205579.11945696283,498180.4175380248,73844.73845846752,81886.56999783438,0.2667093791663101,0.5722361289239541,0.06814036870320013
2012,Q1,1645,2919356.3712,-7260.477274596294,342.92542253021395,201.81698585465145,2034.6191011663875,79.85953345376213,9133.864226598982,22086.83296571364,29353.44278532133,0.12847658282117408,0.7895158095998016,1.4897007346819646
2012,Q2,2133,2911761.0257,35997.32940482843,1980.9702050987212,1676.5078268060413,11558.980509084491,752.9867795993351,70768.03318975322,61139.48373607531,43596.605077537184,0.11387409538244594,0.7936931902039802,0.6294161992671946
2012,Q3,2528,2911217.1173,165635.93482261582,8024.534511169212,6042.059315645814,32012.938606945954,3050.7655908241795,216606.26096324858,118134.78223467588,60688.99786580167,0.13328452733903717,0.7540325562684344,0.4163036392892686
2012,Q4,2581,2915078.7016,392945.5017597166,24610.92315341596,14874.744207635651,73857.30155769974,9661.020663652329,347032.8268934146,103131.49033731243,72373.44372871821,0.15758535023898,0.7240083932659276,0.20789412123580336
2012,Q5,3116,2912465.6027,1481273.3367908162,229058.90046807055,90244.8348390736,191243.08910685848,257022.42349327303,791874.9531533422,127974.73597671711,108157.34102787692,0.3025495618429133,0.5421246221434068,0.0795245544440083
2016,Q1,1910,3074449.0455,-5743.009029273892,354.4802184777526,303.5548871945705,2359.0371329178156,21.684300731989477,9848.583564590157,21584.935039214815,31790.338365802167,0.11620745983059928,0.8085545420147304,1.3625196220251319
2016,Q2,2178,3066811.8923,42351.871170367056,2606.5437382162695,1895.5512562597833,14302.641998681003,1232.1624290026887,75875.76869830472,64515.554028077684,50606.81179250184,0.12042991312745628,0.7884506400662672,0.6036970939299527
2016,Q3,2512,3068380.8873,194379.8638962498,8418.56822424054,6109.173715268136,41565.208826524206,4109.949108177428,250378.69907223692,136068.30501544947,67736.91471760768,0.12891083691281535,0.7726070872071579,0.4117689786679042
2016,Q4,2576,3070042.1181,473488.07158898574,28586.226372293695,18218.515173552583,93695.22874557142,13353.94437728903,429017.14966283145,138142.3127222153,79908.94814438962,0.1629789974571834,0.7228674026362959,0.22585914020243916
2016,Q5,3253,3069704.3197,1824605.7549994874,280542.24704959133,108094.84675664132,232997.193617665,288842.8860760548,1039689.6020756391,178708.33911721912,117304.15412954862,0.28650860328292677,0.5615177918471451,0.08920635043802978
2019,Q1,1662,3185694.9815,-7327.268988996271,475.098157523938,413.9031340063925,3729.3450569482293,-952.6723917703795,15553.238211807755,30744.74748447727,39624.300291546126,0.09634500320890102,0.8403574563293132,1.3128974364345098
2019,Q2,1771,3180645.8939,57258.347440982325,3656.7419611403993,2572.694209612045,21516.122080650486,1097.706417625272,83761.3803144479,68690.85969754122,56816.66161943369,0.11424045331188315,0.8038371818749653,0.5453854078016743
2019,Q3,2039,3185669.3104,225549.41529232715,11911.031075879682,8465.620618540104,45581.86654921945,4866.24303628458,273885.00842011865,139819.71117386888,72039.86970867797,0.1402249317447064,0.7618469283260672,0.3826806947981277
2019,Q4,2110,3180104.3611,533036.1256198167,32843.049837365885,20435.46135941698,99855.96315973451,18982.831344318332,474481.7307935908,143529.59223813162,85893.19188776953,0.1682761692226614,0.720501077601092,0.21214434673479435
2019,Q5,2840,3182254.4525,2051559.1936684789,295827.41550123924,124767.96180431836,273257.30036895286,338271.42373133847,1132630.4330864442,172291.6715125242,116694.3014302028,0.276752488293184,0.5835918321249367,0.07747447196667168
2023,Q1,1989,3371823.1734,-2381.1313985619395,1407.5742166083378,1007.7860682757683,6675.858744741447,205.75071687150412,17982.373163413824,37241.51290318639,71880.83272658159,0.12344243186258619,0.8030686728396642,1.0683048003432223
2023,Q2,2541,3369390.8906,116637.85944125669,6509.622609425688,4202.679142748948,36630.672224079484,3541.992028395169,135107.845066858,92004.55688308169,88186.63158070487,0.12320131411401634,0.7940663425196437,0.44096765415168
2023,Q3,3113,3376603.1931,389029.7878985281,21754.26231555136,13221.024948209257,71700.14196747493,9226.878495686424,381183.223405574,152888.99978141527,83942.82898146665,0.158704822332237,0.7380302292435569,0.2821252985820291
2023,Q4,3583,3363424.277,840494.3850525786,63697.405074810646,33239.936314340855,142815.89050494164,22987.997346659606,661651.7168165446,161599.81564280318,95275.82037820322,0.1991519830778742,0.6833483471983899,0.16126210043992315
2023,Q5,5015,3369680.4711,2779128.260972301,450288.2884283508,158401.05774925373,312275.3589550481,441082.7386877866,1517486.7079192516,247577.4422287426,145378.7280792427,0.32237248229159665,0.5329422481874839,0.08179765940471344
