year,inc_q,tenure,n,w_sum,mean_tc001,median_tc001,mean_hhtotinc,median_hhtotinc,mean_cy_ratio,mean_share_necessities,mean_share_shelter,mean_share_discretionary,mean_share_food,mean_share_health,mean_share_clothing,mean_share_transport,mean_shelter_over_inc,mean_mortpay_over_inc,mean_cy_ratio_at
2017,Q1,owner_mortgage,82,349894.5363,50172.914834088384,39921.67,22587.057570117024,24500,4.212657436323761,0.6230263422117177,0.45874896528226206,0.37697365778828223,0.12894439161748175,0.03533298531197392,0.02282531839940319,0.13776748803272998,1.7875537182115202,0.944279691216902,4.299436495250688
2017,Q1,owner_free_clear,201,540114.4102,31512.600100580938,23433.96,23328.379529999624,23700,1.6766376331494885,0.5147122715329849,0.2885461069522488,0.4852877284670151,0.1633239173053929,0.06284224727534314,0.028324950085182946,0.14846728671231169,0.451949189579198,NA,1.7239203840295247
2017,Q1,renter,388,2003156.2972,30324.65307894495,23143.07,20639.075071026364,21000,2.426234927088285,0.5835199203912198,0.38396288639751053,0.41648007960878025,0.16323170227340916,0.03632533172030006,0.04631094786566301,0.1207627426079062,0.7610131352064724,NA,2.4482889761518956
2017,Q2,owner_mortgage,173,656324.3177,55044.84213490951,48815.82,45709.12834272391,46900,1.2385727642518878,0.5615422213409907,0.39730750148408805,0.43845777865900926,0.12196096472567887,0.04227375513122378,0.04262737747052431,0.17348061947279916,0.46294196518083897,0.2420508739348362,1.3397864788443288
2017,Q2,owner_free_clear,326,971424.3731,43369.17570314946,36651.92,44854.843631900534,44400,0.9735787979803083,0.48403206594158654,0.25466980136817996,0.5159679340584136,0.1650946013152379,0.06426766325816867,0.03613303128288822,0.19591715284553202,0.24169026540112812,NA,1.0563999849522285
2017,Q2,renter,288,1267028.6653,44754.41376012606,40565.94,43359.20434708929,42900,1.0532868249414358,0.5416254368064609,0.3372263950580952,0.4583745631935391,0.15446452499610588,0.04993451675225989,0.05847216899094299,0.14628673480696244,0.33563859096294285,NA,1.1288978972434414
2017,Q3,owner_mortgage,313,1212341.6553,69060.62672202261,63128.06,71475.88574552009,71900,0.9749714412363577,0.5317931894032379,0.3634558458902222,0.46820681059676206,0.13135041355729002,0.03698692995572583,0.0454393260827706,0.1732311860119113,0.34761570884229626,0.1824539703016249,1.1031377242399591
2017,Q3,owner_free_clear,305,791290.4112,52335.465542235084,46607.6,69641.37536357903,70000,0.7535254413559865,0.4408177218131058,0.20108611852755506,0.5591822781868943,0.17155654841862142,0.06817505486692932,0.054453769848219986,0.19048414875593728,0.14367128049376948,NA,0.8546778821385204
2017,Q3,renter,232,900343.3248,56501.59444054191,50957.53,68945.97915992957,67500,0.8269462347929621,0.49978591536997696,0.2897335995968189,0.500214084630023,0.15772524678106292,0.05232706899209516,0.05522326828769446,0.18794487853301314,0.21964622968692524,NA,0.9209582412338334
2017,Q4,owner_mortgage,443,1535193.5126,79210.32788175115,75286.19,105011.00195997044,102425,0.7609005139265611,0.5092299009212516,0.34247483521196437,0.4907700990787483,0.12906323475282042,0.03769183095646687,0.04971301179590805,0.18949471572633958,0.24995372439168878,0.14926908437539932,0.8932741240698835
2017,Q4,owner_free_clear,284,818795.2775,58505.1383473544,51688.79,103975.34200003065,102575,0.5678692410579923,0.4470034855655303,0.20880060928623442,0.5529965144344697,0.1703801178432847,0.06782275843601118,0.053371908775773254,0.2004566692710894,0.1165713363630723,NA,0.6693773114406159
2017,Q4,renter,134,528110.0133,73743.71606428876,70113.52,103541.12924702805,99925,0.7132602509857867,0.4597497850007388,0.2680721400964458,0.5402502149992612,0.15037556937629834,0.04130207552799463,0.054273001159175965,0.19857324022970088,0.17507573421755718,NA,0.8553943634085615
2017,Q5,owner_mortgage,459,1603157.6726,110287.17101521169,102001.39000000001,183358.60494265522,170000,0.6169048559844504,0.48425418227924083,0.3305055171584952,0.5157458177207592,0.12329178723077548,0.030456877889970167,0.05156776026789933,0.1999785403914388,0.19579531083862906,0.114498601154617,0.7781690954369828
2017,Q5,owner_free_clear,296,1050189.1725,94195.58465444332,85336.14,187182.31591802806,177750,0.5156215456346513,0.36588944259413136,0.17732790400970555,0.6341105574058685,0.14254254502734304,0.04601899355708275,0.05814001199591788,0.23212929863657591,0.08920116664430057,NA,0.6531528139653867
2017,Q5,renter,88,236895.1926,90302.8845130684,84590.64,169132.52851128142,152575,0.568084632079323,0.4496857137278959,0.2704800865014844,0.5503142862721041,0.13884623355876477,0.04035939366764668,0.06076247373972962,0.1732770143844402,0.14647268140650604,NA,0.6940321520532374
2019,Q1,owner_mortgage,170,363817.2,55408.813409913,50075.03,23533.498136289323,25250,19.502649706027796,0.5688878878406559,0.3958751061353494,0.43111211215934403,0.12651394539736857,0.04649883630793798,0.03039482755879508,0.17802036195927537,4.873255031365286,2.1961671365362188,19.56341257920704
2019,Q1,owner_free_clear,517,762134.88,32811.723419475435,27043.26,23732.254182356806,24000,2.5495100079440123,0.5284217118275438,0.2947321402698393,0.47157828817245623,0.17502641460501991,0.058663156952684516,0.031182025708143202,0.167727697138291,0.8339425155090817,NA,2.583334796485284
2019,Q1,renter,755,1919993.12,32748.713229558914,26153.25,21095.96970951646,22000,12.69190637586054,0.6054912833301674,0.3936438242746427,0.39450871666983245,0.17244823886750257,0.03939922018802225,0.04332200223539567,0.10285145907171113,2.663034313409426,NA,12.724744856399214
2019,Q2,owner_mortgage,401,640392.8155,62695.48660365355,55791.93,50539.65440880247,51500,1.250985571463907,0.5792835783690092,0.3906977223567038,0.4207164216309907,0.14175706572000807,0.04682879029229738,0.03728174317934459,0.14942227624088592,0.47873200031855184,0.25072120081576377,1.3664880069884373
2019,Q2,owner_free_clear,628,969395.28,45226.56674599931,38976.92,48309.766041722425,48000,0.9455305851964105,0.5084279405096219,0.2413091933856716,0.49157205949037797,0.19463637983845064,0.0724823672854997,0.0368604056135896,0.1668581409706908,0.20471663802336737,NA,1.02640090853017
2019,Q2,renter,612,1267758.7701,46462.723033440496,40275.86,48602.48950830744,49000,0.9676350042897188,0.547425039921208,0.33355313046061874,0.452574960078792,0.1689780031904007,0.04489390627018851,0.04485527394285576,0.13898182781809465,0.2993681711238146,NA,1.0425948396795728
2019,Q3,owner_mortgage,649,1173487,74974.65256427179,67728.06,78379.86916408107,78000,0.9633008424387998,0.5262287305095389,0.34634368453043135,0.47377126949046117,0.14046635133208424,0.039418694647023245,0.04269778475100742,0.18378148878245332,0.31662716775250715,0.18062499568761659,1.1049648767128042
2019,Q3,owner_free_clear,575,877721.42,58621.08478569578,53718.64,76791.74002720589,76000,0.7686650650035057,0.47043389402202423,0.23515300321314891,0.5295661059779757,0.17242150084667832,0.06285938996219698,0.04146174310689907,0.18587728790991445,0.1699687414814619,NA,0.8712655984293588
2019,Q3,renter,369,881852.1042,56031.84839048329,50589.57,75874.68483521933,74575,0.7483282378060343,0.5291240443175577,0.31087901941630136,0.47087595568244245,0.17978631753962943,0.038458707361626876,0.05302817942932739,0.15314610833738326,0.21281788032065987,NA,0.849332319359802
2019,Q4,owner_mortgage,892,1652358.02,89004.65808237945,83989.27,116848.7623864954,116000,0.7666369076848536,0.52045595790512,0.3315512114499472,0.47954404209488,0.15432752788955403,0.03457721856561878,0.043958229943585905,0.17442312314804884,0.2426171809193575,0.1346830019736807,0.9084017317017498
2019,Q4,owner_free_clear,530,729288.33,73903.53267476226,64546.84999999999,115339.22046613581,115500,0.646659203560775,0.4275136090240538,0.19421453025444904,0.5724863909759463,0.1749931146277576,0.05830596414184709,0.05252532768794797,0.18537591149714985,0.12008906852087355,NA,0.7716356130584786
2019,Q4,renter,264,598012.3802,71608.01372690761,66301.46,111699.32381886498,110000,0.6439357415125262,0.49194452577780684,0.2840026306978142,0.5080554742221932,0.16877981119782604,0.03916208388216667,0.0589704349585221,0.18840341602176747,0.16842331367248153,NA,0.7543633400230723
2019,Q5,owner_mortgage,923,1823913.5,118538.45773914948,110071.92,202437.88521796674,183000,0.5994657176837929,0.5081536380293398,0.3332382855516866,0.4918463619706603,0.14100605166648011,0.033909300811172965,0.04639897965199516,0.17389263342686603,0.19167005985665964,0.10895181098046336,0.7517456812034476
2019,Q5,owner_free_clear,543,894239.36,102785.15896100011,90569.57,213395.13022944998,186500,0.5040195088485376,0.40520267005527016,0.19333711682224441,0.5947973299447298,0.1620986875902483,0.049766865642777436,0.049413361927518,0.20585790022232534,0.0900689418834482,NA,0.6523080910568687
2019,Q5,renter,102,175136.01,81672.12347602815,73803.62,175385.92012716288,167000,0.470704582897943,0.5333914615856337,0.3431120319050762,0.4666085384143664,0.15806859581341,0.032210833867147355,0.04720532544108535,0.17393349750881817,0.14580572716789467,NA,0.608151825050405
2023,Q1,owner_mortgage,116,458543.0263,60730.60023610174,47803.56,28366.966745824186,29367,6.5408333266249254,0.6150102217573694,0.44927256699065,0.3849897782426305,0.13361051845354258,0.03212713631317692,0.020662659306728826,0.125736296935637,3.4519768071690877,2.101666582612543,4.039790446092833
2023,Q1,owner_free_clear,359,1011496.7398,35562.01101453296,30889.27,27906.31484705622,28123,2.157982286457012,0.5455010094037848,0.2973572203123354,0.4544989905962153,0.1797252099423113,0.06841857914913806,0.02392971369795374,0.13337197434368123,0.5499539102037163,NA,2.20517536866333
2023,Q1,renter,353,1661547.2287,40169.70590321144,32843.08,26407.2711882528,26692,3.1230293189223293,0.6021957575280109,0.38026010663848064,0.397804242471989,0.18868510024576654,0.03325055064376374,0.03391500130903765,0.11084685867624046,1.1080170810206882,NA,3.182105775091103
2023,Q2,owner_mortgage,278,748254.7498999999,74925.33401845956,65562.36,58511.49879218896,58741,1.297744471785286,0.5967335920768687,0.4109744164491859,0.4032664079231314,0.14369773614461234,0.04206143948307043,0.0320042921824152,0.13556113293015734,0.5143916480751878,0.2900910249115898,1.3967834096143725
2023,Q2,owner_free_clear,494,929745.7359,47735.73331671771,41110.26,55859.25896259205,56476,0.8579006400678248,0.5154579462244409,0.2544040470911598,0.48454205377555915,0.19870744928685427,0.062346449846426746,0.028439479254376097,0.15257100352455896,0.19897397925394741,NA,0.9206142125630442
2023,Q2,renter,310,1454845.4503,56259.83597562682,49160.71,56703.071109699165,56774,1.0091070280089964,0.5574255341930711,0.3346412598099479,0.442574465806929,0.17762948160433517,0.04515479277878799,0.038123664954848806,0.13765264804361577,0.3167445555501293,NA,1.0946016093356226
2023,Q3,owner_mortgage,397,1039939.8047,82973.01880100985,77186.89,90890.74644273263,92794,0.9159842303091096,0.571944764779838,0.3855717650519811,0.4280552352201619,0.14835935991492244,0.038013639812934576,0.030564787940866617,0.13824767914930594,0.3497862897469537,0.1918933970626662,1.0387159159788861
2023,Q3,owner_free_clear,569,917336.0566,60862.80273220033,57245.69,89289.89675325922,89294,0.6888269591315912,0.4799586128473119,0.23365221224702493,0.5200413871526881,0.18321929051212624,0.06308711008816074,0.02976157418109402,0.156147494737732,0.14973173827991926,NA,0.7849558403800561
2023,Q3,renter,242,1174627.1026,69877.88044384823,66245.62,88834.72988048606,87689,0.7917051002330021,0.528070338746286,0.3209677676642511,0.471929661253714,0.16061441238116697,0.04648815870086778,0.03846493935103493,0.15214899329553233,0.23969032773870175,NA,0.8928365352071762
2023,Q4,owner_mortgage,563,1607478.702,102000.9457756604,97156.16,136108.24400131244,138486,0.7565377520883187,0.5536918367199699,0.3681270992776789,0.4463081632800301,0.14835363948842023,0.037211097953870835,0.03003071534714378,0.14343049571373598,0.2750662356775962,0.1532943039025546,0.8937007781431422
2023,Q4,owner_free_clear,502,911084.7862,75585.14594778545,69997.98,135091.83488142534,136832,0.5615429716580691,0.44302255797526896,0.2142465375522549,0.5569774420247311,0.16969572792815132,0.05908029249486271,0.02902629229310853,0.19690428125569645,0.11328995542257735,NA,0.6674996907305192
2023,Q4,renter,140,607693.7226,78124.48616956234,75840.34,132530.52137481168,129129.80000000002,0.5931739393732107,0.5272811223408368,0.3072218039286864,0.47271887765916326,0.17249336855852287,0.04756594985362752,0.05293844069757889,0.15057521612448868,0.1746508573650823,NA,0.6943686733049916
2023,Q5,owner_mortgage,639,1905819.5789,132773.92466886996,124396.18,242251.13982183364,222896,0.5651877286454007,0.543472494154382,0.36384131127414754,0.456527505845618,0.1466354647970558,0.03299571808317862,0.0338786873168323,0.1454096198629365,0.19961217965352349,0.11137307330562438,0.7119625261800084
2023,Q5,owner_free_clear,445,917957.4162,99450.32263507345,89872.52,247734.16305106887,229577,0.41701960910948266,0.4358866706859485,0.20566487752719415,0.5641133293140514,0.17640097023759152,0.05382082292116286,0.034438097321946026,0.17415529379265576,0.08007429674505596,NA,0.5238535345502057
2023,Q5,renter,78,303096.2407,89832.060909508,92828.7,223764.03996981753,197877,0.4279424033626902,0.5323219116571213,0.32795898562610803,0.46767808834287866,0.17757132482331237,0.02679160120770088,0.034541146740168616,0.19435768798781816,0.12388519260710788,NA,0.5266986942647022
